{"ocarina_of_time":{"items":{"$func":["claim_check","loop","bombs"],"navi":{"$func":["navi_scores"]},"ocarina":{"$func":["saria"],"normal_songs":{"$func":["saria"]}}},"$func":["loop"],"moving_things":{"castle_town":{"master_sword":{"$func":["adult"]},"$func":["loop"]},"forest_temple":{"enemies":{"$func":["enemies","green_painting_reset","green_poe"]}},"water_temple":{"boss":{"$func":["morpha","fake_tentacle_1","fake_tentacle_2","shake"]}},"deku_tree":{"$func":["water_platform","loop"]},"shadow_temple":{"walls":{"$func":["summon_fake_walls"]}}},"entity_setup":{"$func":["item"]},"jump_cutscenes":{"castle":{"$func":["meet_malon_2","meet_malon_other","meet_malon"]},"kakariko_village":{"$func":["dampe_race"]}},"teleports":{"death_mountain":{"grotto_1":{"$func":["inside","outside"]},"grotto_2":{"$func":["outside"]}},"forest_temple":{"$func":["enemies"]},"$func":["loop"]},"distance_text":{"kakariko_village":{"$func":["village_text","rupee"]}}}}